fecha_hora,liga,pregunta,opcion,probabilidad
2026-07-05T17:21:49.256004,NBA,Will LeBron James play for the Cleveland Cavaliers in 2026-27?,Yes,62.150000000000006
2026-07-05T17:21:49.256031,NBA,Will LeBron James play for the Cleveland Cavaliers in 2026-27?,No,37.85
2026-07-05T17:21:49.256042,NBA,Will LeBron James play for the Golden State Warriors in 2026-27?,Yes,18.15
2026-07-05T17:21:49.256046,NBA,Will LeBron James play for the Golden State Warriors in 2026-27?,No,81.85
2026-07-05T17:21:49.256056,NBA,Will LeBron James play for the Philadelphia 76ers in 2026-27?,Yes,7.1
2026-07-05T17:21:49.256062,NBA,Will LeBron James play for the Philadelphia 76ers in 2026-27?,No,92.9
2026-07-05T17:21:49.256075,NBA,Will LeBron James play for the Miami Heat in 2026-27?,Yes,4.75
2026-07-05T17:21:49.256079,NBA,Will LeBron James play for the Miami Heat in 2026-27?,No,95.25
2026-07-05T17:21:49.256087,NBA,Will LeBron James play for the Detroit Pistons in 2026-27?,Yes,0.35000000000000003
2026-07-05T17:21:49.256091,NBA,Will LeBron James play for the Detroit Pistons in 2026-27?,No,99.65
2026-07-05T17:21:49.415107,NFL,Will the Los Angeles Chargers win the 2027 NFL league championship?,Yes,3.9
2026-07-05T17:21:49.415134,NFL,Will the Los Angeles Chargers win the 2027 NFL league championship?,No,96.1
2026-07-05T17:21:49.415150,NFL,Will the Houston Texans win the 2027 NFL league championship?,Yes,3.5000000000000004
2026-07-05T17:21:49.415158,NFL,Will the Houston Texans win the 2027 NFL league championship?,No,96.5
2026-07-05T17:21:49.415171,NFL,Will Brittany Mahomes attend Taylor Swift's wedding?,Yes,98.9
2026-07-05T17:21:49.415178,NFL,Will Brittany Mahomes attend Taylor Swift's wedding?,No,1.0999999999999999
2026-07-05T17:21:49.415193,NFL,Will Patrick Mahomes attend Taylor Swift's wedding?,Yes,98.4
2026-07-05T17:21:49.415199,NFL,Will Patrick Mahomes attend Taylor Swift's wedding?,No,1.6
2026-07-05T17:21:49.415212,NFL,Will Alana Haim attend Taylor Swift's wedding?,Yes,98.85000000000001
2026-07-05T17:21:49.415219,NFL,Will Alana Haim attend Taylor Swift's wedding?,No,1.15
2026-07-05T17:21:49.667850,Premier League,Will Dominik Szoboszlai be named to the 2026 PFA Premier League Team of the Year?,Yes,50.0
2026-07-05T17:21:49.667870,Premier League,Will Dominik Szoboszlai be named to the 2026 PFA Premier League Team of the Year?,No,50.0
2026-07-05T17:21:49.667879,Premier League,Will Declan Rice be named to the 2026 PFA Premier League Team of the Year?,Yes,51.0
2026-07-05T17:21:49.667883,Premier League,Will Declan Rice be named to the 2026 PFA Premier League Team of the Year?,No,49.0
2026-07-05T17:21:49.667890,Premier League,Will Piero Hincapie be named to the 2026 PFA Premier League Team of the Year?,Yes,49.0
2026-07-05T17:21:49.667893,Premier League,Will Piero Hincapie be named to the 2026 PFA Premier League Team of the Year?,No,51.0
2026-07-05T17:21:49.667899,Premier League,Will Marc Cucurella be named to the 2026 PFA Premier League Team of the Year?,Yes,50.0
2026-07-05T17:21:49.667903,Premier League,Will Marc Cucurella be named to the 2026 PFA Premier League Team of the Year?,No,50.0
2026-07-05T17:21:49.667909,Premier League,Will Brighton & Hove Albion qualify for the League Phase of the 2026-27 UEFA Conference League?,Yes,96.45
2026-07-05T17:21:49.667914,Premier League,Will Brighton & Hove Albion qualify for the League Phase of the 2026-27 UEFA Conference League?,No,3.55
2026-07-05T17:21:49.832144,Champions League,Will Paris Saint-Germain win the 2026-27 UEFA Champions League Championship?,Yes,14.499999999999998
2026-07-05T17:21:49.832165,Champions League,Will Paris Saint-Germain win the 2026-27 UEFA Champions League Championship?,No,85.5
2026-07-05T17:21:49.832176,Champions League,Will Liverpool win the 2026-27 UEFA Champions League Championship?,Yes,8.5
2026-07-05T17:21:49.832180,Champions League,Will Liverpool win the 2026-27 UEFA Champions League Championship?,No,91.5
2026-07-05T17:21:49.832187,Champions League,Will Atlético Madrid win the 2026-27 UEFA Champions League Championship?,Yes,3.5000000000000004
2026-07-05T17:21:49.832195,Champions League,Will Atlético Madrid win the 2026-27 UEFA Champions League Championship?,No,96.5
2026-07-05T17:21:49.832203,Champions League,Will Barcelona win the 2026-27 UEFA Champions League Championship?,Yes,12.0
2026-07-05T17:21:49.832206,Champions League,Will Barcelona win the 2026-27 UEFA Champions League Championship?,No,88.0
2026-07-05T17:21:49.832213,Champions League,Will Manchester City win the 2026-27 UEFA Champions League Championship?,Yes,11.0
2026-07-05T17:21:49.832216,Champions League,Will Manchester City win the 2026-27 UEFA Champions League Championship?,No,89.0
2026-07-05T17:21:49.994798,MLB,New York Mets vs. Atlanta Braves,New York Mets,50.5
2026-07-05T17:21:49.994832,MLB,New York Mets vs. Atlanta Braves,Atlanta Braves,49.5
2026-07-05T17:21:49.994842,MLB,Will Kevin McGonigle hit the most triples in the 2026 MLB regular season?,Yes,1.6
2026-07-05T17:21:49.994846,MLB,Will Kevin McGonigle hit the most triples in the 2026 MLB regular season?,No,98.4
2026-07-05T17:21:49.994853,MLB,Pittsburgh Pirates vs. Washington Nationals: O/U 9.5,Over,44.0
2026-07-05T17:21:49.994856,MLB,Pittsburgh Pirates vs. Washington Nationals: O/U 9.5,Under,56.00000000000001
2026-07-05T17:21:49.994864,MLB,Will Otto Lopez hit the most triples in the 2026 MLB regular season?,Yes,1.4000000000000001
2026-07-05T17:21:49.994868,MLB,Will Otto Lopez hit the most triples in the 2026 MLB regular season?,No,98.6
2026-07-05T17:21:49.994874,MLB,Pittsburgh Pirates vs. Washington Nationals,Pittsburgh Pirates,42.5
2026-07-05T17:21:49.994878,MLB,Pittsburgh Pirates vs. Washington Nationals,Washington Nationals,57.49999999999999
2026-07-05T20:42:38.468598,NBA,Will LeBron James play for the Cleveland Cavaliers in 2026-27?,Yes,56.599999999999994
2026-07-05T20:42:38.468626,NBA,Will LeBron James play for the Cleveland Cavaliers in 2026-27?,No,43.4
2026-07-05T20:42:38.468635,NBA,Will LeBron James play for the Golden State Warriors in 2026-27?,Yes,14.75
2026-07-05T20:42:38.468639,NBA,Will LeBron James play for the Golden State Warriors in 2026-27?,No,85.25
2026-07-05T20:42:38.468646,NBA,Will LeBron James play for the Miami Heat in 2026-27?,Yes,10.45
2026-07-05T20:42:38.468652,NBA,Will LeBron James play for the Miami Heat in 2026-27?,No,89.55
2026-07-05T20:42:38.468665,NBA,Will LeBron James play for the Philadelphia 76ers in 2026-27?,Yes,7.75
2026-07-05T20:42:38.468669,NBA,Will LeBron James play for the Philadelphia 76ers in 2026-27?,No,92.25
2026-07-05T20:42:38.468675,NBA,Will LeBron James play for the Detroit Pistons in 2026-27?,Yes,0.35000000000000003
2026-07-05T20:42:38.468679,NBA,Will LeBron James play for the Detroit Pistons in 2026-27?,No,99.65
2026-07-05T20:42:38.686416,NFL,Will the Los Angeles Chargers win the 2027 NFL league championship?,Yes,3.85
2026-07-05T20:42:38.686435,NFL,Will the Los Angeles Chargers win the 2027 NFL league championship?,No,96.15
2026-07-05T20:42:38.686442,NFL,Will the Houston Texans win the 2027 NFL league championship?,Yes,3.45
2026-07-05T20:42:38.686445,NFL,Will the Houston Texans win the 2027 NFL league championship?,No,96.55
2026-07-05T20:42:38.686452,NFL,Will Brittany Mahomes attend Taylor Swift's wedding?,Yes,98.9
2026-07-05T20:42:38.686455,NFL,Will Brittany Mahomes attend Taylor Swift's wedding?,No,1.0999999999999999
2026-07-05T20:42:38.686462,NFL,Will Patrick Mahomes attend Taylor Swift's wedding?,Yes,98.4
2026-07-05T20:42:38.686466,NFL,Will Patrick Mahomes attend Taylor Swift's wedding?,No,1.6
2026-07-05T20:42:38.686471,NFL,Will Alana Haim attend Taylor Swift's wedding?,Yes,98.85000000000001
2026-07-05T20:42:38.686475,NFL,Will Alana Haim attend Taylor Swift's wedding?,No,1.15
2026-07-05T20:42:39.031516,Premier League,Will Marc Guehi be named to the 2026 PFA Premier League Team of the Year?,Yes,50.0
2026-07-05T20:42:39.031560,Premier League,Will Marc Guehi be named to the 2026 PFA Premier League Team of the Year?,No,50.0
2026-07-05T20:42:39.031573,Premier League,Will Marc Cucurella be named to the 2026 PFA Premier League Team of the Year?,Yes,50.0
2026-07-05T20:42:39.031586,Premier League,Will Marc Cucurella be named to the 2026 PFA Premier League Team of the Year?,No,50.0
2026-07-05T20:42:39.031593,Premier League,Will Bryan Mbeumo be named to the 2026 PFA Premier League Team of the Year?,Yes,49.0
2026-07-05T20:42:39.031597,Premier League,Will Bryan Mbeumo be named to the 2026 PFA Premier League Team of the Year?,No,51.0
2026-07-05T20:42:39.031603,Premier League,Will Jordan Pickford be named to the 2026 PFA Premier League Team of the Year?,Yes,49.0
2026-07-05T20:42:39.031607,Premier League,Will Jordan Pickford be named to the 2026 PFA Premier League Team of the Year?,No,51.0
2026-07-05T20:42:39.031613,Premier League,Will Jeremy Doku be named to the 2026 PFA Premier League Team of the Year?,Yes,50.0
2026-07-05T20:42:39.031616,Premier League,Will Jeremy Doku be named to the 2026 PFA Premier League Team of the Year?,No,50.0
2026-07-05T20:42:39.448122,Champions League,Will Liverpool win the 2026-27 UEFA Champions League Championship?,Yes,8.5
2026-07-05T20:42:39.448144,Champions League,Will Liverpool win the 2026-27 UEFA Champions League Championship?,No,91.5
2026-07-05T20:42:39.448152,Champions League,Will Atlético Madrid win the 2026-27 UEFA Champions League Championship?,Yes,3.3000000000000003
2026-07-05T20:42:39.448159,Champions League,Will Atlético Madrid win the 2026-27 UEFA Champions League Championship?,No,96.7
2026-07-05T20:42:39.448166,Champions League,Will Manchester City win the 2026-27 UEFA Champions League Championship?,Yes,11.5
2026-07-05T20:42:39.448170,Champions League,Will Manchester City win the 2026-27 UEFA Champions League Championship?,No,88.5
2026-07-05T20:42:39.448176,Champions League,Will Barcelona win the 2026-27 UEFA Champions League Championship?,Yes,12.0
2026-07-05T20:42:39.448180,Champions League,Will Barcelona win the 2026-27 UEFA Champions League Championship?,No,88.0
2026-07-05T20:42:39.448185,Champions League,Will Lille win the 2026-27 UEFA Champions League Championship?,Yes,2.6
2026-07-05T20:42:39.448189,Champions League,Will Lille win the 2026-27 UEFA Champions League Championship?,No,97.39999999999999
2026-07-05T20:42:39.749438,MLB,New York Mets vs. Atlanta Braves,New York Mets,93.5
2026-07-05T20:42:39.749457,MLB,New York Mets vs. Atlanta Braves,Atlanta Braves,6.5
2026-07-05T20:42:39.749464,MLB,Pittsburgh Pirates vs. Washington Nationals,Pittsburgh Pirates,99.95
2026-07-05T20:42:39.749468,MLB,Pittsburgh Pirates vs. Washington Nationals,Washington Nationals,0.05
2026-07-05T20:42:39.749474,MLB,San Francisco Giants vs. Colorado Rockies: O/U 12.5,Over,77.5
2026-07-05T20:42:39.749478,MLB,San Francisco Giants vs. Colorado Rockies: O/U 12.5,Under,22.5
2026-07-05T20:42:39.749484,MLB,Minnesota Twins vs. New York Yankees,Minnesota Twins,99.95
2026-07-05T20:42:39.749487,MLB,Minnesota Twins vs. New York Yankees,New York Yankees,0.05
2026-07-05T20:42:39.749492,MLB,St. Louis Cardinals vs. Chicago Cubs,St. Louis Cardinals,4.5
2026-07-05T20:42:39.749495,MLB,St. Louis Cardinals vs. Chicago Cubs,Chicago Cubs,95.5
2026-07-06T12:15:50.417010,NBA,Will LeBron James play for the Golden State Warriors in 2026-27?,Yes,18.9
2026-07-06T12:15:50.417043,NBA,Will LeBron James play for the Golden State Warriors in 2026-27?,No,81.10000000000001
2026-07-06T12:15:50.417054,NBA,Will LeBron James play for the Cleveland Cavaliers in 2026-27?,Yes,58.099999999999994
2026-07-06T12:15:50.417059,NBA,Will LeBron James play for the Cleveland Cavaliers in 2026-27?,No,41.9
2026-07-06T12:15:50.417066,NBA,Will LeBron James play for the Miami Heat in 2026-27?,Yes,8.55
2026-07-06T12:15:50.417072,NBA,Will LeBron James play for the Miami Heat in 2026-27?,No,91.45
2026-07-06T12:15:50.417089,NBA,Will LeBron James play for the Detroit Pistons in 2026-27?,Yes,0.15
2026-07-06T12:15:50.417096,NBA,Will LeBron James play for the Detroit Pistons in 2026-27?,No,99.85000000000001
2026-07-06T12:15:50.417104,NBA,Will LeBron James play for the Philadelphia 76ers in 2026-27?,Yes,7.049999999999999
2026-07-06T12:15:50.417108,NBA,Will LeBron James play for the Philadelphia 76ers in 2026-27?,No,92.95
2026-07-06T12:15:50.633071,NFL,Will the Los Angeles Chargers win the 2027 NFL league championship?,Yes,3.95
2026-07-06T12:15:50.633092,NFL,Will the Los Angeles Chargers win the 2027 NFL league championship?,No,96.05
2026-07-06T12:15:50.633101,NFL,Will the Houston Texans win the 2027 NFL league championship?,Yes,3.5000000000000004
2026-07-06T12:15:50.633105,NFL,Will the Houston Texans win the 2027 NFL league championship?,No,96.5
2026-07-06T12:15:50.633113,NFL,Will Sabrina Carpenter attend Taylor Swift's wedding?,Yes,94.35
2026-07-06T12:15:50.633116,NFL,Will Sabrina Carpenter attend Taylor Swift's wedding?,No,5.65
2026-07-06T12:15:50.633123,NFL,Will Lana Del Rey attend Taylor Swift's wedding?,Yes,30.5
2026-07-06T12:15:50.633126,NFL,Will Lana Del Rey attend Taylor Swift's wedding?,No,69.5
2026-07-06T12:15:50.633133,NFL,Will the Carolina Panthers win the 2027 NFL league championship?,Yes,1.05
2026-07-06T12:15:50.633136,NFL,Will the Carolina Panthers win the 2027 NFL league championship?,No,98.95
2026-07-06T12:15:50.984195,Premier League,Will Bruno Fernandes be named to the 2026 PFA Premier League Team of the Year?,Yes,62.45
2026-07-06T12:15:50.984215,Premier League,Will Bruno Fernandes be named to the 2026 PFA Premier League Team of the Year?,No,37.55
2026-07-06T12:15:50.984225,Premier League,Will Brighton & Hove Albion qualify for the League Phase of the 2026-27 UEFA Conference League?,Yes,96.45
2026-07-06T12:15:50.984229,Premier League,Will Brighton & Hove Albion qualify for the League Phase of the 2026-27 UEFA Conference League?,No,3.55
2026-07-06T12:15:50.984237,Premier League,Will Marc Guehi be named to the 2026 PFA Premier League Team of the Year?,Yes,50.0
2026-07-06T12:15:50.984241,Premier League,Will Marc Guehi be named to the 2026 PFA Premier League Team of the Year?,No,50.0
2026-07-06T12:15:50.984247,Premier League,Will Piero Hincapie be named to the 2026 PFA Premier League Team of the Year?,Yes,49.0
2026-07-06T12:15:50.984251,Premier League,Will Piero Hincapie be named to the 2026 PFA Premier League Team of the Year?,No,51.0
2026-07-06T12:15:50.984258,Premier League,Will Erling Haaland be named to the 2026 PFA Premier League Team of the Year?,Yes,50.0
2026-07-06T12:15:50.984261,Premier League,Will Erling Haaland be named to the 2026 PFA Premier League Team of the Year?,No,50.0
2026-07-06T12:15:51.189841,Champions League,Will Liverpool win the 2026-27 UEFA Champions League Championship?,Yes,9.0
2026-07-06T12:15:51.189860,Champions League,Will Liverpool win the 2026-27 UEFA Champions League Championship?,No,91.0
2026-07-06T12:15:51.189869,Champions League,Will Bayern Munich win the 2026-27 UEFA Champions League Championship?,Yes,12.5
2026-07-06T12:15:51.189874,Champions League,Will Bayern Munich win the 2026-27 UEFA Champions League Championship?,No,87.5
2026-07-06T12:15:51.189881,Champions League,Will Atlético Madrid win the 2026-27 UEFA Champions League Championship?,Yes,3.6999999999999997
2026-07-06T12:15:51.189889,Champions League,Will Atlético Madrid win the 2026-27 UEFA Champions League Championship?,No,96.3
2026-07-06T12:15:51.189896,Champions League,Will Inter Milan win the 2026-27 UEFA Champions League Championship?,Yes,3.55
2026-07-06T12:15:51.189900,Champions League,Will Inter Milan win the 2026-27 UEFA Champions League Championship?,No,96.45
2026-07-06T12:15:51.189906,Champions League,Will Lille win the 2026-27 UEFA Champions League Championship?,Yes,2.55
2026-07-06T12:15:51.189910,Champions League,Will Lille win the 2026-27 UEFA Champions League Championship?,No,97.45
2026-07-06T12:15:51.508065,MLB,Philadelphia Phillies vs. Kansas City Royals,Philadelphia Phillies,65.5
2026-07-06T12:15:51.508085,MLB,Philadelphia Phillies vs. Kansas City Royals,Kansas City Royals,34.5
2026-07-06T12:15:51.508095,MLB,Spread: Philadelphia Phillies (-1.5),Philadelphia Phillies,54.50000000000001
2026-07-06T12:15:51.508099,MLB,Spread: Philadelphia Phillies (-1.5),Kansas City Royals,45.5
2026-07-06T12:15:51.508106,MLB,Colorado Rockies vs. Los Angeles Dodgers,Colorado Rockies,33.5
2026-07-06T12:15:51.508109,MLB,Colorado Rockies vs. Los Angeles Dodgers,Los Angeles Dodgers,66.5
2026-07-06T12:15:51.508115,MLB,New York Mets vs. Atlanta Braves,New York Mets,45.5
2026-07-06T12:15:51.508119,MLB,New York Mets vs. Atlanta Braves,Atlanta Braves,54.50000000000001
2026-07-06T12:15:51.508125,MLB,Will the Colorado Rockies win the 2026 World Series?,Yes,0.65
2026-07-06T12:15:51.508129,MLB,Will the Colorado Rockies win the 2026 World Series?,No,99.35000000000001
2026-07-06T15:13:53.027324,NBA,Will LeBron James play for the Golden State Warriors in 2026-27?,Yes,18.25
2026-07-06T15:13:53.027356,NBA,Will LeBron James play for the Golden State Warriors in 2026-27?,No,81.75
2026-07-06T15:13:53.027368,NBA,Will LeBron James play for the Cleveland Cavaliers in 2026-27?,Yes,58.45
2026-07-06T15:13:53.027374,NBA,Will LeBron James play for the Cleveland Cavaliers in 2026-27?,No,41.55
2026-07-06T15:13:53.027383,NBA,Will LeBron James play for the Detroit Pistons in 2026-27?,Yes,0.15
2026-07-06T15:13:53.027388,NBA,Will LeBron James play for the Detroit Pistons in 2026-27?,No,99.85000000000001
2026-07-06T15:13:53.027403,NBA,Will LeBron James play for the Miami Heat in 2026-27?,Yes,9.3
2026-07-06T15:13:53.027407,NBA,Will LeBron James play for the Miami Heat in 2026-27?,No,90.7
2026-07-06T15:13:53.027414,NBA,Will LeBron James play for the Washington Wizards in 2026-27?,Yes,0.65
2026-07-06T15:13:53.027418,NBA,Will LeBron James play for the Washington Wizards in 2026-27?,No,99.35000000000001
2026-07-06T15:13:53.265929,NFL,Will the Los Angeles Chargers win the 2027 NFL league championship?,Yes,3.85
2026-07-06T15:13:53.265947,NFL,Will the Los Angeles Chargers win the 2027 NFL league championship?,No,96.15
2026-07-06T15:13:53.265956,NFL,Will the Houston Texans win the 2027 NFL league championship?,Yes,3.55
2026-07-06T15:13:53.265960,NFL,Will the Houston Texans win the 2027 NFL league championship?,No,96.45
2026-07-06T15:13:53.265967,NFL,Will Sabrina Carpenter attend Taylor Swift's wedding?,Yes,97.89999999999999
2026-07-06T15:13:53.265971,NFL,Will Sabrina Carpenter attend Taylor Swift's wedding?,No,2.1
2026-07-06T15:13:53.265979,NFL,Will Lana Del Rey attend Taylor Swift's wedding?,Yes,33.5
2026-07-06T15:13:53.265983,NFL,Will Lana Del Rey attend Taylor Swift's wedding?,No,66.5
2026-07-06T15:13:53.265989,NFL,Will Jack Antonoff attend Taylor Swift's wedding?,Yes,98.4
2026-07-06T15:13:53.265992,NFL,Will Jack Antonoff attend Taylor Swift's wedding?,No,1.6
2026-07-06T15:13:53.559263,Premier League,Will Bruno Fernandes be named to the 2026 PFA Premier League Team of the Year?,Yes,61.1
2026-07-06T15:13:53.559280,Premier League,Will Bruno Fernandes be named to the 2026 PFA Premier League Team of the Year?,No,38.9
2026-07-06T15:13:53.559289,Premier League,Will Brighton & Hove Albion qualify for the League Phase of the 2026-27 UEFA Conference League?,Yes,96.45
2026-07-06T15:13:53.559293,Premier League,Will Brighton & Hove Albion qualify for the League Phase of the 2026-27 UEFA Conference League?,No,3.55
2026-07-06T15:13:53.559301,Premier League,Will Jordan Pickford be named to the 2026 PFA Premier League Team of the Year?,Yes,49.0
2026-07-06T15:13:53.559305,Premier League,Will Jordan Pickford be named to the 2026 PFA Premier League Team of the Year?,No,51.0
2026-07-06T15:13:53.559312,Premier League,Will Marc Guehi be named to the 2026 PFA Premier League Team of the Year?,Yes,50.0
2026-07-06T15:13:53.559315,Premier League,Will Marc Guehi be named to the 2026 PFA Premier League Team of the Year?,No,50.0
2026-07-06T15:13:53.559322,Premier League,Will Antoine Semenyo be named to the 2026 PFA Premier League Team of the Year?,Yes,49.5
2026-07-06T15:13:53.559326,Premier League,Will Antoine Semenyo be named to the 2026 PFA Premier League Team of the Year?,No,50.5
2026-07-06T15:13:53.793159,Champions League,Will Liverpool win the 2026-27 UEFA Champions League Championship?,Yes,9.0
2026-07-06T15:13:53.793176,Champions League,Will Liverpool win the 2026-27 UEFA Champions League Championship?,No,91.0
2026-07-06T15:13:53.793185,Champions League,Will Bayern Munich win the 2026-27 UEFA Champions League Championship?,Yes,12.5
2026-07-06T15:13:53.793190,Champions League,Will Bayern Munich win the 2026-27 UEFA Champions League Championship?,No,87.5
2026-07-06T15:13:53.793197,Champions League,Will Atlético Madrid win the 2026-27 UEFA Champions League Championship?,Yes,3.75
2026-07-06T15:13:53.793204,Champions League,Will Atlético Madrid win the 2026-27 UEFA Champions League Championship?,No,96.25
2026-07-06T15:13:53.793211,Champions League,Will Inter Milan win the 2026-27 UEFA Champions League Championship?,Yes,3.45
2026-07-06T15:13:53.793215,Champions League,Will Inter Milan win the 2026-27 UEFA Champions League Championship?,No,96.55
2026-07-06T15:13:53.793221,Champions League,Will Lille win the 2026-27 UEFA Champions League Championship?,Yes,2.55
2026-07-06T15:13:53.793225,Champions League,Will Lille win the 2026-27 UEFA Champions League Championship?,No,97.45
2026-07-06T15:13:54.010167,MLB,Philadelphia Phillies vs. Kansas City Royals,Philadelphia Phillies,63.5
2026-07-06T15:13:54.010184,MLB,Philadelphia Phillies vs. Kansas City Royals,Kansas City Royals,36.5
2026-07-06T15:13:54.010193,MLB,Arizona Diamondbacks vs. San Diego Padres,Arizona Diamondbacks,46.75
2026-07-06T15:13:54.010197,MLB,Arizona Diamondbacks vs. San Diego Padres,San Diego Padres,53.25
2026-07-06T15:13:54.010204,MLB,Colorado Rockies vs. Los Angeles Dodgers: O/U 10.5,Over,43.0
2026-07-06T15:13:54.010207,MLB,Colorado Rockies vs. Los Angeles Dodgers: O/U 10.5,Under,56.99999999999999
2026-07-06T15:13:54.010214,MLB,Milwaukee Brewers vs. St. Louis Cardinals,Milwaukee Brewers,49.5
2026-07-06T15:13:54.010218,MLB,Milwaukee Brewers vs. St. Louis Cardinals,St. Louis Cardinals,50.5
2026-07-06T15:13:54.010224,MLB,Spread: Philadelphia Phillies (-1.5),Philadelphia Phillies,53.5
2026-07-06T15:13:54.010227,MLB,Spread: Philadelphia Phillies (-1.5),Kansas City Royals,46.5
2026-07-06T19:17:47.337295,NBA,Will LeBron James play for the Golden State Warriors in 2026-27?,Yes,17.05
2026-07-06T19:17:47.337324,NBA,Will LeBron James play for the Golden State Warriors in 2026-27?,No,82.95
2026-07-06T19:17:47.337334,NBA,Will LeBron James play for the Cleveland Cavaliers in 2026-27?,Yes,57.199999999999996
2026-07-06T19:17:47.337339,NBA,Will LeBron James play for the Cleveland Cavaliers in 2026-27?,No,42.8
2026-07-06T19:17:47.337347,NBA,Will LeBron James play for the Detroit Pistons in 2026-27?,Yes,0.15
2026-07-06T19:17:47.337352,NBA,Will LeBron James play for the Detroit Pistons in 2026-27?,No,99.85000000000001
2026-07-06T19:17:47.337367,NBA,Will LeBron James play for the Miami Heat in 2026-27?,Yes,13.750000000000002
2026-07-06T19:17:47.337372,NBA,Will LeBron James play for the Miami Heat in 2026-27?,No,86.25
2026-07-06T19:17:47.337380,NBA,Will LeBron James play for the Atlanta Hawks in 2026-27?,Yes,0.05
2026-07-06T19:17:47.337383,NBA,Will LeBron James play for the Atlanta Hawks in 2026-27?,No,99.95
2026-07-06T19:17:47.510765,NFL,Will the Los Angeles Chargers win the 2027 NFL league championship?,Yes,3.85
2026-07-06T19:17:47.510787,NFL,Will the Los Angeles Chargers win the 2027 NFL league championship?,No,96.15
2026-07-06T19:17:47.510796,NFL,Will the Detroit Lions win the 2027 NFL league championship?,Yes,4.0
2026-07-06T19:17:47.510800,NFL,Will the Detroit Lions win the 2027 NFL league championship?,No,96.0
2026-07-06T19:17:47.510807,NFL,Will the Houston Texans win the 2027 NFL league championship?,Yes,3.55
2026-07-06T19:17:47.510810,NFL,Will the Houston Texans win the 2027 NFL league championship?,No,96.45
2026-07-06T19:17:47.510817,NFL,Will Sabrina Carpenter attend Taylor Swift's wedding?,Yes,97.85000000000001
2026-07-06T19:17:47.510821,NFL,Will Sabrina Carpenter attend Taylor Swift's wedding?,No,2.15
2026-07-06T19:17:47.510828,NFL,Will Jack Antonoff attend Taylor Swift's wedding?,Yes,98.65
2026-07-06T19:17:47.510831,NFL,Will Jack Antonoff attend Taylor Swift's wedding?,No,1.35
2026-07-06T19:17:47.751292,Premier League,Will Bruno Fernandes be named to the 2026 PFA Premier League Team of the Year?,Yes,61.150000000000006
2026-07-06T19:17:47.751313,Premier League,Will Bruno Fernandes be named to the 2026 PFA Premier League Team of the Year?,No,38.85
2026-07-06T19:17:47.751322,Premier League,Will Brighton & Hove Albion qualify for the League Phase of the 2026-27 UEFA Conference League?,Yes,96.45
2026-07-06T19:17:47.751326,Premier League,Will Brighton & Hove Albion qualify for the League Phase of the 2026-27 UEFA Conference League?,No,3.55
2026-07-06T19:17:47.751334,Premier League,Will Phil Foden be named to the 2026 PFA Premier League Team of the Year?,Yes,49.0
2026-07-06T19:17:47.751338,Premier League,Will Phil Foden be named to the 2026 PFA Premier League Team of the Year?,No,51.0
2026-07-06T19:17:47.751344,Premier League,Will Erling Haaland be named to the 2026 PFA Premier League Team of the Year?,Yes,50.0
2026-07-06T19:17:47.751348,Premier League,Will Erling Haaland be named to the 2026 PFA Premier League Team of the Year?,No,50.0
2026-07-06T19:17:47.751354,Premier League,Will Jordan Pickford be named to the 2026 PFA Premier League Team of the Year?,Yes,49.0
2026-07-06T19:17:47.751358,Premier League,Will Jordan Pickford be named to the 2026 PFA Premier League Team of the Year?,No,51.0
2026-07-06T19:17:47.922806,Champions League,Will Liverpool win the 2026-27 UEFA Champions League Championship?,Yes,9.0
2026-07-06T19:17:47.922827,Champions League,Will Liverpool win the 2026-27 UEFA Champions League Championship?,No,91.0
2026-07-06T19:17:47.922836,Champions League,Will Bayern Munich win the 2026-27 UEFA Champions League Championship?,Yes,12.5
2026-07-06T19:17:47.922841,Champions League,Will Bayern Munich win the 2026-27 UEFA Champions League Championship?,No,87.5
2026-07-06T19:17:47.922849,Champions League,Will Atlético Madrid win the 2026-27 UEFA Champions League Championship?,Yes,2.5
2026-07-06T19:17:47.922857,Champions League,Will Atlético Madrid win the 2026-27 UEFA Champions League Championship?,No,97.5
2026-07-06T19:17:47.922865,Champions League,Will Inter Milan win the 2026-27 UEFA Champions League Championship?,Yes,3.45
2026-07-06T19:17:47.922869,Champions League,Will Inter Milan win the 2026-27 UEFA Champions League Championship?,No,96.55
2026-07-06T19:17:47.922876,Champions League,Will Real Madrid win the 2026-27 UEFA Champions League Championship?,Yes,11.0
2026-07-06T19:17:47.922879,Champions League,Will Real Madrid win the 2026-27 UEFA Champions League Championship?,No,89.0
2026-07-06T19:17:48.073058,MLB,Philadelphia Phillies vs. Kansas City Royals,Philadelphia Phillies,7.5
2026-07-06T19:17:48.073079,MLB,Philadelphia Phillies vs. Kansas City Royals,Kansas City Royals,92.5
2026-07-06T19:17:48.073087,MLB,Philadelphia Phillies vs. Kansas City Royals: O/U 8.5,Over,97.5
2026-07-06T19:17:48.073091,MLB,Philadelphia Phillies vs. Kansas City Royals: O/U 8.5,Under,2.5
2026-07-06T19:17:48.073098,MLB,Arizona Diamondbacks vs. San Diego Padres,Arizona Diamondbacks,46.550000000000004
2026-07-06T19:17:48.073102,MLB,Arizona Diamondbacks vs. San Diego Padres,San Diego Padres,53.449999999999996
2026-07-06T19:17:48.073109,MLB,Milwaukee Brewers vs. St. Louis Cardinals,Milwaukee Brewers,50.5
2026-07-06T19:17:48.073125,MLB,Milwaukee Brewers vs. St. Louis Cardinals,St. Louis Cardinals,49.5
2026-07-06T19:17:48.073132,MLB,Spread: Philadelphia Phillies (-1.5),Philadelphia Phillies,4.5
2026-07-06T19:17:48.073135,MLB,Spread: Philadelphia Phillies (-1.5),Kansas City Royals,95.5
2026-07-06T23:40:56.502356,NBA,Will LeBron James play for the Cleveland Cavaliers in 2026-27?,Yes,52.349999999999994
2026-07-06T23:40:56.502374,NBA,Will LeBron James play for the Cleveland Cavaliers in 2026-27?,No,47.65
2026-07-06T23:40:56.502385,NBA,Will LeBron James play for the Miami Heat in 2026-27?,Yes,19.900000000000002
2026-07-06T23:40:56.502390,NBA,Will LeBron James play for the Miami Heat in 2026-27?,No,80.10000000000001
2026-07-06T23:40:56.502398,NBA,Will LeBron James play for the Golden State Warriors in 2026-27?,Yes,16.0
2026-07-06T23:40:56.502404,NBA,Will LeBron James play for the Golden State Warriors in 2026-27?,No,84.0
2026-07-06T23:40:56.502418,NBA,Will LeBron James play for the Detroit Pistons in 2026-27?,Yes,0.15
2026-07-06T23:40:56.502422,NBA,Will LeBron James play for the Detroit Pistons in 2026-27?,No,99.85000000000001
2026-07-06T23:40:56.502430,NBA,Will LeBron James play for the Washington Wizards in 2026-27?,Yes,0.15
2026-07-06T23:40:56.502433,NBA,Will LeBron James play for the Washington Wizards in 2026-27?,No,99.85000000000001
2026-07-06T23:40:56.645804,NFL,Will the Los Angeles Chargers win the 2027 NFL league championship?,Yes,3.75
2026-07-06T23:40:56.645815,NFL,Will the Los Angeles Chargers win the 2027 NFL league championship?,No,96.25
2026-07-06T23:40:56.645823,NFL,Will the Detroit Lions win the 2027 NFL league championship?,Yes,4.0
2026-07-06T23:40:56.645827,NFL,Will the Detroit Lions win the 2027 NFL league championship?,No,96.0
2026-07-06T23:40:56.645834,NFL,Will the Houston Texans win the 2027 NFL league championship?,Yes,3.55
2026-07-06T23:40:56.645837,NFL,Will the Houston Texans win the 2027 NFL league championship?,No,96.45
2026-07-06T23:40:56.645845,NFL,Will Sabrina Carpenter attend Taylor Swift's wedding?,Yes,96.85000000000001
2026-07-06T23:40:56.645849,NFL,Will Sabrina Carpenter attend Taylor Swift's wedding?,No,3.15
2026-07-06T23:40:56.645855,NFL,Will Jack Antonoff attend Taylor Swift's wedding?,Yes,98.1
2026-07-06T23:40:56.645858,NFL,Will Jack Antonoff attend Taylor Swift's wedding?,No,1.9
2026-07-06T23:40:56.851792,Premier League,Will Bruno Fernandes be named to the 2026 PFA Premier League Team of the Year?,Yes,57.599999999999994
2026-07-06T23:40:56.851805,Premier League,Will Bruno Fernandes be named to the 2026 PFA Premier League Team of the Year?,No,42.4
2026-07-06T23:40:56.851814,Premier League,Will Rodri be named to the 2026 PFA Premier League Team of the Year?,Yes,50.0
2026-07-06T23:40:56.851818,Premier League,Will Rodri be named to the 2026 PFA Premier League Team of the Year?,No,50.0
2026-07-06T23:40:56.851824,Premier League,Will Robin Roefs be named to the 2026 PFA Premier League Team of the Year?,Yes,49.0
2026-07-06T23:40:56.851828,Premier League,Will Robin Roefs be named to the 2026 PFA Premier League Team of the Year?,No,51.0
2026-07-06T23:40:56.851834,Premier League,Will Bukayo Saka be named to the 2026 PFA Premier League Team of the Year?,Yes,50.0
2026-07-06T23:40:56.851837,Premier League,Will Bukayo Saka be named to the 2026 PFA Premier League Team of the Year?,No,50.0
2026-07-06T23:40:56.851843,Premier League,Will David Raya be named to the 2026 PFA Premier League Team of the Year?,Yes,51.0
2026-07-06T23:40:56.851846,Premier League,Will David Raya be named to the 2026 PFA Premier League Team of the Year?,No,49.0
2026-07-06T23:40:57.008905,Champions League,Will Arsenal win the 2026-27 UEFA Champions League Championship?,Yes,13.0
2026-07-06T23:40:57.008915,Champions League,Will Arsenal win the 2026-27 UEFA Champions League Championship?,No,87.0
2026-07-06T23:40:57.008925,Champions League,Will Bayern Munich win the 2026-27 UEFA Champions League Championship?,Yes,13.5
2026-07-06T23:40:57.008929,Champions League,Will Bayern Munich win the 2026-27 UEFA Champions League Championship?,No,86.5
2026-07-06T23:40:57.008937,Champions League,Will Liverpool win the 2026-27 UEFA Champions League Championship?,Yes,8.0
2026-07-06T23:40:57.008940,Champions League,Will Liverpool win the 2026-27 UEFA Champions League Championship?,No,92.0
2026-07-06T23:40:57.008947,Champions League,Will Inter Milan win the 2026-27 UEFA Champions League Championship?,Yes,3.55
2026-07-06T23:40:57.008951,Champions League,Will Inter Milan win the 2026-27 UEFA Champions League Championship?,No,96.45
2026-07-06T23:40:57.008958,Champions League,Will Paris Saint-Germain win the 2026-27 UEFA Champions League Championship?,Yes,14.499999999999998
2026-07-06T23:40:57.008963,Champions League,Will Paris Saint-Germain win the 2026-27 UEFA Champions League Championship?,No,85.5
2026-07-06T23:40:57.153050,MLB,New York Mets vs. Atlanta Braves,New York Mets,55.50000000000001
2026-07-06T23:40:57.153061,MLB,New York Mets vs. Atlanta Braves,Atlanta Braves,44.5
2026-07-06T23:40:57.153070,MLB,New York Yankees vs. Tampa Bay Rays,New York Yankees,51.05
2026-07-06T23:40:57.153074,MLB,New York Yankees vs. Tampa Bay Rays,Tampa Bay Rays,48.949999999999996
2026-07-06T23:40:57.153081,MLB,Houston Astros vs. Washington Nationals,Houston Astros,72.05
2026-07-06T23:40:57.153085,MLB,Houston Astros vs. Washington Nationals,Washington Nationals,27.950000000000003
2026-07-06T23:40:57.153092,MLB,Milwaukee Brewers vs. St. Louis Cardinals,Milwaukee Brewers,52.5
2026-07-06T23:40:57.153095,MLB,Milwaukee Brewers vs. St. Louis Cardinals,St. Louis Cardinals,47.5
2026-07-06T23:40:57.153102,MLB,Toronto Blue Jays vs. San Francisco Giants: O/U 7.5,Over,49.5
2026-07-06T23:40:57.153105,MLB,Toronto Blue Jays vs. San Francisco Giants: O/U 7.5,Under,50.5
2026-07-07T11:23:08.559052,NBA,Will LeBron James play for the Cleveland Cavaliers in 2026-27?,Yes,55.300000000000004
2026-07-07T11:23:08.559085,NBA,Will LeBron James play for the Cleveland Cavaliers in 2026-27?,No,44.7
2026-07-07T11:23:08.559096,NBA,Will LeBron James play for the Miami Heat in 2026-27?,Yes,16.150000000000002
2026-07-07T11:23:08.559101,NBA,Will LeBron James play for the Miami Heat in 2026-27?,No,83.85000000000001
2026-07-07T11:23:08.559109,NBA,Will LeBron James play for the Golden State Warriors in 2026-27?,Yes,13.350000000000001
2026-07-07T11:23:08.559115,NBA,Will LeBron James play for the Golden State Warriors in 2026-27?,No,86.65
2026-07-07T11:23:08.559130,NBA,Will LeBron James play for the New York Knicks in 2026-27?,Yes,1.2
2026-07-07T11:23:08.559134,NBA,Will LeBron James play for the New York Knicks in 2026-27?,No,98.8
2026-07-07T11:23:08.559141,NBA,Will LeBron James play for the Atlanta Hawks in 2026-27?,Yes,0.05
2026-07-07T11:23:08.559145,NBA,Will LeBron James play for the Atlanta Hawks in 2026-27?,No,99.95
2026-07-07T11:23:08.901268,NFL,Will the Los Angeles Chargers win the 2027 NFL league championship?,Yes,3.85
2026-07-07T11:23:08.901290,NFL,Will the Los Angeles Chargers win the 2027 NFL league championship?,No,96.15
2026-07-07T11:23:08.901299,NFL,Will the Green Bay Packers win the 2027 NFL league championship?,Yes,2.75
2026-07-07T11:23:08.901303,NFL,Will the Green Bay Packers win the 2027 NFL league championship?,No,97.25
2026-07-07T11:23:08.901310,NFL,Will the Detroit Lions win the 2027 NFL league championship?,Yes,4.0
2026-07-07T11:23:08.901313,NFL,Will the Detroit Lions win the 2027 NFL league championship?,No,96.0
2026-07-07T11:23:08.901320,NFL,Will Brittany Mahomes attend Taylor Swift's wedding?,Yes,93.4
2026-07-07T11:23:08.901324,NFL,Will Brittany Mahomes attend Taylor Swift's wedding?,No,6.6000000000000005
2026-07-07T11:23:08.901331,NFL,Will the Los Angeles Rams win the 2027 NFL league championship?,Yes,15.5
2026-07-07T11:23:08.901334,NFL,Will the Los Angeles Rams win the 2027 NFL league championship?,No,84.5
2026-07-07T11:23:09.412395,Premier League,Will Brighton & Hove Albion qualify for the League Phase of the 2026-27 UEFA Conference League?,Yes,96.45
2026-07-07T11:23:09.412419,Premier League,Will Brighton & Hove Albion qualify for the League Phase of the 2026-27 UEFA Conference League?,No,3.55
2026-07-07T11:23:09.412429,Premier League,Will Elliot Anderson be named to the 2026 PFA Premier League Team of the Year?,Yes,50.0
2026-07-07T11:23:09.412433,Premier League,Will Elliot Anderson be named to the 2026 PFA Premier League Team of the Year?,No,50.0
2026-07-07T11:23:09.412440,Premier League,Will Gabriel Magalhães be named to the 2026 PFA Premier League Team of the Year?,Yes,51.0
2026-07-07T11:23:09.412448,Premier League,Will Gabriel Magalhães be named to the 2026 PFA Premier League Team of the Year?,No,49.0
2026-07-07T11:23:09.412455,Premier League,Will Hugo Ekitike be named to the 2026 PFA Premier League Team of the Year?,Yes,49.0
2026-07-07T11:23:09.412459,Premier League,Will Hugo Ekitike be named to the 2026 PFA Premier League Team of the Year?,No,51.0
2026-07-07T11:23:09.412466,Premier League,Will Morgan Rogers be named to the 2026 PFA Premier League Team of the Year?,Yes,50.0
2026-07-07T11:23:09.412469,Premier League,Will Morgan Rogers be named to the 2026 PFA Premier League Team of the Year?,No,50.0
2026-07-07T11:23:09.724558,Champions League,Will Arsenal win the 2026-27 UEFA Champions League Championship?,Yes,13.0
2026-07-07T11:23:09.724581,Champions League,Will Arsenal win the 2026-27 UEFA Champions League Championship?,No,87.0
2026-07-07T11:23:09.724591,Champions League,Will Bayern Munich win the 2026-27 UEFA Champions League Championship?,Yes,13.5
2026-07-07T11:23:09.724596,Champions League,Will Bayern Munich win the 2026-27 UEFA Champions League Championship?,No,86.5
2026-07-07T11:23:09.724604,Champions League,Will Liverpool win the 2026-27 UEFA Champions League Championship?,Yes,8.5
2026-07-07T11:23:09.724607,Champions League,Will Liverpool win the 2026-27 UEFA Champions League Championship?,No,91.5
2026-07-07T11:23:09.724614,Champions League,Will Inter Milan win the 2026-27 UEFA Champions League Championship?,Yes,3.4000000000000004
2026-07-07T11:23:09.724618,Champions League,Will Inter Milan win the 2026-27 UEFA Champions League Championship?,No,96.6
2026-07-07T11:23:09.724625,Champions League,Will Real Madrid win the 2026-27 UEFA Champions League Championship?,Yes,11.0
2026-07-07T11:23:09.724628,Champions League,Will Real Madrid win the 2026-27 UEFA Champions League Championship?,No,89.0
2026-07-07T11:23:10.039300,MLB,Will the Cleveland Guardians win the 2026 World Series?,Yes,2.35
2026-07-07T11:23:10.039322,MLB,Will the Cleveland Guardians win the 2026 World Series?,No,97.65
2026-07-07T11:23:10.039332,MLB,Milwaukee Brewers vs. St. Louis Cardinals,Milwaukee Brewers,63.5
2026-07-07T11:23:10.039336,MLB,Milwaukee Brewers vs. St. Louis Cardinals,St. Louis Cardinals,36.5
2026-07-07T11:23:10.039343,MLB,Spread: Washington Nationals (-1.5),Washington Nationals,36.0
2026-07-07T11:23:10.039346,MLB,Spread: Washington Nationals (-1.5),Houston Astros,64.0
2026-07-07T11:23:10.039352,MLB,New York Yankees vs. Tampa Bay Rays,New York Yankees,47.5
2026-07-07T11:23:10.039356,MLB,New York Yankees vs. Tampa Bay Rays,Tampa Bay Rays,52.5
2026-07-07T11:23:10.039362,MLB,Will the Cincinnati Reds win the 2026 World Series?,Yes,0.25
2026-07-07T11:23:10.039365,MLB,Will the Cincinnati Reds win the 2026 World Series?,No,99.75
